nome,email,data_nascimento,data_cadastro
Maria Helena Novais,nina81@example.org,2008-04-01,2025-05-13
Erick Aparecida,thomasda-conceicao@example.org,1972-06-14,2024-09-12
Dr. Henrique da Luz,ocirino@example.net,1974-09-14,2025-09-20
Luiz Miguel da Conceição,santosemanuelly@example.org,1994-12-09,2024-03-28
Sabrina Cirino,emilly35@example.org,1991-08-14,2025-02-18
André Rios,tmoraes@example.org,1989-01-19,2024-09-05
Ayla Camargo,wcassiano@example.net,1973-09-26,2023-12-17
Dra. Isadora Porto,eloah52@example.com,1963-11-28,2024-06-13
Thales Pinto,daniela54@example.org,1994-02-17,2025-02-09
Benjamim Campos,agathacaldeira@example.org,1995-12-31,2024-03-05
Liz Jesus,siqueirabenicio@example.net,2002-11-07,2024-02-12
Srta. Ana Luiza Sá,ferreiraaugusto@example.com,2005-07-22,2024-11-01
Sophie Garcia,nataliabrito@example.com,1964-05-09,2025-09-24
Dr. Marcelo Moraes,oliver67@example.com,1991-02-19,2024-10-16
Cecília Viana,icorreia@example.com,1980-05-28,2025-01-29
Alice Melo,maitecorreia@example.net,1983-08-05,2025-07-03
Lorena Carvalho,zmontenegro@example.net,1994-01-28,2024-08-08
Ágatha das Neves,leticiagoncalves@example.net,1982-10-16,2024-05-09
João Lucas Pastor,nina33@example.net,1970-04-20,2025-03-12
José Pedro Montenegro,sousaclarice@example.org,1989-11-14,2023-11-24
Dr. Cauã Cassiano,aragaoleonardo@example.com,1977-07-09,2024-04-27
Melissa Machado,kevin51@example.org,2002-02-07,2025-07-08
Nathan Cunha,pbrito@example.com,1993-09-06,2024-08-21
Ana Lívia da Rocha,aliciasampaio@example.net,1969-11-25,2024-08-13
Maria Laura Ribeiro,joao-felipe31@example.org,1963-12-08,2024-04-30
Yago Rocha,benicio64@example.net,2005-05-31,2024-10-30
Yan Sales,luiz-fernando29@example.org,2002-08-13,2024-11-21
Milena Aparecida,pachecoelisa@example.org,1983-08-20,2025-09-19
Benício Câmara,yago69@example.net,1976-02-20,2025-08-30
Vitor Gabriel Casa Grande,emillyda-costa@example.org,2001-04-18,2025-10-03
