nome,email,especialidade,biografia
Davi Lucca Pastor,fonsecalevi@example.net,Cloud Computing,"Com 14 anos atuando em Cloud Computing, Davi Lucca Pastor tem sede em compartilhar seu conhecimento. Atualmente reside em Garcia."
Benjamin Câmara,kgoncalves@example.org,Gestão de Projetos,"Com 6 anos atuando em Gestão de Projetos, Benjamin Câmara tem sede em compartilhar seu conhecimento. Atualmente reside em Caldeira de Minas."
Ravi Jesus,fonsecadaniel@example.net,Desenvolvimento Web,Ravi Jesus é especialista em Desenvolvimento Web com 13 anos de experiência. Trabalhou em empresas como Costa e é apaixonado por ensinar.
Ana Luiza da Rosa,carvalhogael-henrique@example.com,Inteligência Artificial,"Ana Luiza da Rosa é um profissional experiente em Inteligência Artificial, com passagens por empresas renomadas como Caldeira. Apaixonado por ensinar e pela sua cidade natal, Pacheco."
Maysa Oliveira,kmachado@example.com,Cloud Computing,Maysa Oliveira é especialista em Cloud Computing com 14 anos de experiência. Trabalhou em empresas como Costa Cirino S/A e é apaixonado por ensinar.
Sra. Elisa da Mata,olivermonteiro@example.org,Marketing Digital,Sra. Elisa da Mata é especialista em Marketing Digital com 17 anos de experiência. Trabalhou em empresas como Fernandes e é apaixonado por ensinar.
Julia Santos,anthony-gabriel95@example.org,Design UX/UI,"Julia Santos é um profissional experiente em Design UX/UI, com passagens por empresas renomadas como Cavalcanti. Apaixonado por ensinar e pela sua cidade natal, Moura."
Dr. Henry Gabriel Pacheco,marianenovaes@example.com,Marketing Digital,Dr. Henry Gabriel Pacheco é especialista em Marketing Digital com 6 anos de experiência. Trabalhou em empresas como Aragão e é apaixonado por ensinar.
Isabella Pinto,jda-mota@example.org,Cloud Computing,"Com 19 anos atuando em Cloud Computing, Isabella Pinto tem sede em compartilhar seu conhecimento. Atualmente reside em Novaes da Mata."
Maria Luísa Correia,oliviada-cruz@example.net,Cibersegurança,Maria Luísa Correia é especialista em Cibersegurança com 15 anos de experiência. Trabalhou em empresas como da Mata e é apaixonado por ensinar.
